series,run,mode,case,scene,window_seconds,mjb_sha256,raw_path,raw_sha256,startup_seconds,shutdown_seconds,physics.hz,physics.interval_ms.count,physics.interval_ms.mean,physics.interval_ms.p50,physics.interval_ms.p95,physics.interval_ms.p99,physics.interval_ms.max,physics.gaps_over_1_5_period,physics.work_ms.count,physics.work_ms.mean,physics.work_ms.p50,physics.work_ms.p95,physics.work_ms.p99,physics.work_ms.max,control.hz,control.interval_ms.count,control.interval_ms.mean,control.interval_ms.p50,control.interval_ms.p95,control.interval_ms.p99,control.interval_ms.max,control.gaps_over_1_5_period,control.work_ms.count,control.work_ms.mean,control.work_ms.p50,control.work_ms.p95,control.work_ms.p99,control.work_ms.max,rtf,minimum_pelvis_z,command_to_read_ms.count,command_to_read_ms.mean,command_to_read_ms.p50,command_to_read_ms.p95,command_to_read_ms.p99,command_to_read_ms.max,commands_not_observed,feedback_age_ms.count,feedback_age_ms.mean,feedback_age_ms.p50,feedback_age_ms.p95,feedback_age_ms.p99,feedback_age_ms.max,process_count,known_steady_uss_mib,uss_unavailable_pids,peak_sampled_rss_sum_mib,cpu_cores_mean,sensors.color_image.fresh_hz,sensors.color_image.callbacks,sensors.color_image.fresh_frames,sensors.color_image.source_to_subscriber_ms.count,sensors.color_image.source_to_subscriber_ms.mean,sensors.color_image.source_to_subscriber_ms.p50,sensors.color_image.source_to_subscriber_ms.p95,sensors.color_image.source_to_subscriber_ms.p99,sensors.color_image.source_to_subscriber_ms.max,sensors.color_image.capture_work_ms.count,sensors.color_image.capture_work_ms.mean,sensors.color_image.capture_work_ms.p50,sensors.color_image.capture_work_ms.p95,sensors.color_image.capture_work_ms.p99,sensors.color_image.capture_work_ms.max,sensors.depth_image.fresh_hz,sensors.depth_image.callbacks,sensors.depth_image.fresh_frames,sensors.depth_image.source_to_subscriber_ms.count,sensors.depth_image.source_to_subscriber_ms.mean,sensors.depth_image.source_to_subscriber_ms.p50,sensors.depth_image.source_to_subscriber_ms.p95,sensors.depth_image.source_to_subscriber_ms.p99,sensors.depth_image.source_to_subscriber_ms.max,sensors.depth_image.capture_work_ms.count,sensors.depth_image.capture_work_ms.mean,sensors.depth_image.capture_work_ms.p50,sensors.depth_image.capture_work_ms.p95,sensors.depth_image.capture_work_ms.p99,sensors.depth_image.capture_work_ms.max,sensors.pointcloud.fresh_hz,sensors.pointcloud.callbacks,sensors.pointcloud.fresh_frames,sensors.pointcloud.source_to_subscriber_ms.count,sensors.pointcloud.source_to_subscriber_ms.mean,sensors.pointcloud.source_to_subscriber_ms.p50,sensors.pointcloud.source_to_subscriber_ms.p95,sensors.pointcloud.source_to_subscriber_ms.p99,sensors.pointcloud.source_to_subscriber_ms.max,sensors.pointcloud.capture_work_ms.count,sensors.pointcloud.capture_work_ms.mean,sensors.pointcloud.capture_work_ms.p50,sensors.pointcloud.capture_work_ms.p95,sensors.pointcloud.capture_work_ms.p99,sensors.pointcloud.capture_work_ms.max
primary,logistics-control-compact-1,compact,control,/Users/pimvandenbosch/Desktop/dimos-sim2-core/data/sim2/scenes/logistics.xml,20.116786874830723,1af770b6aaa959b0b35b41d921815ab2859dd001a35d24c44597c8bc965ad1e8,full/logistics-control-compact-1/result.json,82e50e5b737c13ebd12b5395ec89291b2000867ca209d5c553c8a16d5934cda1,1.66450299997814,0.039405375020578504,199.98223498770614,4022,5.000070715068378,5.0136459758505225,6.812879524659365,9.15206817211583,25.578917004168034,116,4023,1.0392265489244827,0.8953751530498266,2.238378790207202,4.1920960880815965,20.559666911140084,49.958276451067526,1004,20.006353751917654,19.943750579841435,23.748558084480464,25.187110642436892,41.549582965672016,1,1005,1.7496714115939775,1.5382911078631878,3.617174644023177,6.2091714702546685,11.73587515950203,0.9999111749385308,0.7454391820862719,1004,2.7886706979971274,2.7343539986759424,5.338310787919907,6.639860051218423,21.988000022247434,1,1005,3.002800409733063,2.990082837641239,5.37840859033167,7.724610427394512,25.147708831354976,5,1144.9375,"[46764, 46765]",1607.65625,0.40477831028206707,,,,,,,,,,,,,,,,,,,,,,,,,,,,,,,,,,,,,,,,,,,,,
primary,logistics-control-compact-2,compact,control,/Users/pimvandenbosch/Desktop/dimos-sim2-core/data/sim2/scenes/logistics.xml,20.1755976669956,1af770b6aaa959b0b35b41d921815ab2859dd001a35d24c44597c8bc965ad1e8,full/logistics-control-compact-2/result.json,ea787198e58dc4be9831ac6bfd637e198acd64c119e91c338039b287bd290665,1.6355758339632303,0.02689795894548297,199.99407534779922,4034,4.999961204763112,4.996541538275778,6.337333924602717,8.080635280348366,28.59887504018843,56,4035,0.9144566863165912,0.8307502139359713,1.6720589948818088,3.0683131283149097,24.214999983087182,50.010910043600845,1008,19.99879369164802,19.936166936531663,22.924208699259907,24.09234761726111,33.55495911091566,1,1009,1.5075516552877557,1.446541165933013,2.639858145266771,3.422661926597356,7.0512499660253525,0.9999703767389961,0.7454385834848664,1009,3.0658797019902466,3.313165856525302,4.820684064179658,5.53225346840918,12.477250071242452,0,1009,3.170213938992548,3.6264171358197927,5.661699967458844,6.69482544995844,17.26558292284608,5,1149.109375,"[47099, 47100]",1612.890625,0.4039884785726881,,,,,,,,,,,,,,,,,,,,,,,,,,,,,,,,,,,,,,,,,,,,,
superseded-feedback-probe,logistics-control-old-1,old,control,/Users/pimvandenbosch/Desktop/dimos-sim2-core/data/sim2/scenes/logistics.xml,20.062575792195275,1af770b6aaa959b0b35b41d921815ab2859dd001a35d24c44597c8bc965ad1e8,full/logistics-control-old-1/result.json,f2568d0054d10ba46bd67e83e369ff6bc851671d7b6d10e03fbdc3daae9e5719,1.6558131671044976,0.023723124992102385,168.42303974320663,3378,5.936248519853785,5.978333414532244,7.257865124847739,9.142535005230457,48.73704188503325,135,3379,1.0752115906752286,0.9717920329421759,2.1645125001668926,3.76182303763926,43.648957973346114,49.99358060444991,1002,20.000263307329096,19.869812531396747,23.44398795394227,24.31607987266034,25.869791861623526,0,1003,1.442702738048206,1.342209056019783,2.7190873865038148,4.744016132317483,6.603125017136335,0.8421151987160331,0.7454315763001399,1002,3.1421300983000657,3.122833091765642,5.7599250809289515,6.133297728374601,13.241499895229936,1,,,,,,,5,847.3125,"[46714, 46715]",1248.078125,0.288432072929806,,,,,,,,,,,,,,,,,,,,,,,,,,,,,,,,,,,,,,,,,,,,,
superseded-feedback-probe,logistics-control-old-2,old,control,/Users/pimvandenbosch/Desktop/dimos-sim2-core/data/sim2/scenes/logistics.xml,20.089896791847423,1af770b6aaa959b0b35b41d921815ab2859dd001a35d24c44597c8bc965ad1e8,full/logistics-control-old-2/result.json,01244d769aac91e081fd59404941e815dcd419761179d9818766151fd2892e01,1.5346620420459658,0.04568633297458291,168.19399497219987,3378,5.946190312312879,5.966062541119754,7.128614280372855,9.115912921261042,45.267583802342415,100,3379,1.0121829884105285,0.9255418553948402,1.8556493101641531,3.5433513019233938,40.4530419036746,50.02514499765046,1004,19.999467380496995,19.886207999661565,23.271035577636198,24.20159140834585,34.77170807309449,1,1005,1.3886109017651176,1.3055000454187393,2.4531996343284836,4.125924082472925,9.488207986578345,0.8409699748609994,0.7454317672144105,1004,3.2081327322718365,3.2776460284367204,5.869987432379276,6.308767618611455,10.609708027914166,1,,,,,,,5,845.53125,"[47155, 47156]",1249.703125,0.2868757110115819,,,,,,,,,,,,,,,,,,,,,,,,,,,,,,,,,,,,,,,,,,,,,
primary,logistics-control-split-1,split,control,/Users/pimvandenbosch/Desktop/dimos-sim2-core/data/sim2/scenes/logistics.xml,20.213942833943292,1af770b6aaa959b0b35b41d921815ab2859dd001a35d24c44597c8bc965ad1e8,full/logistics-control-split-1/result.json,881472d7d075be74e76c02ef74f91bbc946e609766034863f352b440528495f5,1.704016000032425,0.024946084013208747,199.96098896711362,4041,5.00011758646515,5.005083046853542,6.773500004783273,9.335125237703307,43.533792020753026,108,4042,1.0528588377884904,0.9073130786418915,2.271085570100694,4.3562119966372865,39.45883386768401,49.96551183987747,1009,19.993480384706107,19.911125069484115,23.782599903643128,24.42016065120697,33.34179101511836,1,1010,1.7654064816819264,1.61875004414469,3.4266124246641994,5.509116610046474,9.297332959249616,0.9998049448355681,0.7454364222570279,1009,2.3689980023772232,1.9567909184843302,5.255066603422163,6.306013036519288,8.96658399142325,1,1010,2.7837617719306214,2.592667005956173,5.272180936299263,7.392151623498647,34.35229090973735,5,1119.796875,"[46749, 46750]",1608.9375,0.3542402549964557,,,,,,,,,,,,,,,,,,,,,,,,,,,,,,,,,,,,,,,,,,,,,
primary,logistics-control-split-2,split,control,/Users/pimvandenbosch/Desktop/dimos-sim2-core/data/sim2/scenes/logistics.xml,20.145901333075017,1af770b6aaa959b0b35b41d921815ab2859dd001a35d24c44597c8bc965ad1e8,full/logistics-control-split-2/result.json,991b0f0ff56ac7e5c7ab46d89952d441fbfb395291252315ebcbfa8d3c5a28d8,1.6057829579804093,0.025867250049486756,200.1399656107899,4031,4.99699713669891,5.0059170462191105,6.281562498770654,7.844704575836652,37.40979195572436,49,4032,0.8787427675362403,0.8104585576802492,1.6615855507552622,3.003766720648857,32.493375008925796,50.03499140269747,1007,19.990686734846044,19.95149999856949,23.24555008672177,24.568147431127723,27.127624955028296,0,1008,1.5578568586894859,1.449604518711567,2.807743730954826,5.3371707862242985,9.452749975025654,1.0006998280539494,0.7454385624006583,1007,2.4692813217059117,2.133625093847513,5.231975321657955,5.712352516129609,9.366832906380296,1,1008,2.8683957027082907,2.9018335044384003,5.078894121106714,7.2867520595900706,34.259208012372255,5,1150.28125,"[47123, 47124]",1612.640625,0.3965455758442233,,,,,,,,,,,,,,,,,,,,,,,,,,,,,,,,,,,,,,,,,,,,,
primary,logistics-heavy-compact-1,compact,heavy,/Users/pimvandenbosch/Desktop/dimos-sim2-core/data/sim2/scenes/logistics.xml,20.148151541128755,f56139d0b3dc4574b29c84b0ac859b096e24d4a8048f89a01b8b1de5471507bb,full/logistics-heavy-compact-1/result.json,a08890995766e4273ee6bd72f3d4b2da7316b067c452526d6461c8b3892cf94e,1.7670261249877512,0.060746833914890885,199.96871632494603,4028,5.00001273363738,4.9993544816970825,5.553810764104128,6.0741314687766135,6.336667109280825,0,4029,0.14369492488410476,0.12754183262586594,0.22353278473019597,0.26028028689324856,0.8424581028521061,50.02940333967376,1007,20.001525239456655,19.915583077818155,23.349920473992825,24.35514762066304,25.46237502247095,0,1008,0.297179429224574,0.26312447153031826,0.4492710577324033,1.335438890382647,1.8395001534372568,0.9998435816247301,0.7454328517672556,1008,3.0831130616928615,3.158999839797616,4.8344791401177645,5.472295575309545,6.021791137754917,0,1008,2.396345605135023,1.8906045006588101,4.924996220506728,5.058967289514839,6.004665978252888,5,1628.96875,"[46941, 46942]",3064.34375,13.948807914604284,18.56249687404562,374,374,374,26.725844903425738,26.613473892211914,33.874213695526116,35.50440311431883,43.39289665222168,373,18.997019729214962,19.08324984833598,20.717666624113917,21.31157796829939,24.611084023490548,18.512864529462615,373,373,373,27.88546002262719,27.804136276245117,35.20913124084473,37.105407714843736,42.77396202087402,373,18.997019729214962,19.08324984833598,20.717666624113917,21.31157796829939,24.611084023490548,18.56249687404562,374,374,374,13.175032993051458,13.266682624816895,19.896256923675537,24.008791446685777,29.06012535095215,374,4.621972910746095,4.590271040797234,5.223039141856134,5.811026899609714,7.461500121280551
primary,logistics-heavy-compact-2,compact,heavy,/Users/pimvandenbosch/Desktop/dimos-sim2-core/data/sim2/scenes/logistics.xml,20.143230749992654,f56139d0b3dc4574b29c84b0ac859b096e24d4a8048f89a01b8b1de5471507bb,full/logistics-heavy-compact-2/result.json,f123d28c5fd7ccdb5825d529ae251ae07651d696fa91d0faff766ad7938e3d2c,1.7517553339712322,0.07541575003415346,200.01756669552472,4028,5.000006868651964,5.000000121071935,5.7176352478563786,6.140854945406318,6.325457943603396,0,4029,0.1396583483366494,0.1262091100215912,0.21250820718705654,0.2547177765518425,0.5459999665617943,49.99198055656326,1006,20.003752320056883,19.882707973010838,23.37923983577639,24.37320615863428,24.897374911233783,0,1007,0.2871379422721228,0.25708298198878765,0.4174874164164062,1.3107359316200018,1.7280830070376396,1.0000878334776235,0.7454098470105293,1007,3.201015125738148,3.2286669593304396,4.837992158718407,5.265107150189578,5.9183340054005384,0,1007,2.3956931752912043,1.8708340357989073,4.942695796489716,5.504945423454034,6.0782500077039,5,1597.921875,"[47292, 47293]",3049.4375,13.942635433507304,18.51738703832979,373,373,373,26.458765802051044,26.463031768798828,33.656883239746094,34.75852012634277,37.0938777923584,373,18.734187417071883,18.968832911923528,20.664041489362717,21.173515059053898,21.29766601137817,18.51738703832979,373,373,373,27.575722967971107,27.415990829467773,34.806108474731445,36.1317253112793,36.82374954223633,373,18.734187417071883,18.968832911923528,20.664041489362717,21.173515059053898,21.29766601137817,18.51738703832979,373,373,373,13.392191470148736,13.564109802246094,20.445346832275387,26.020336151123015,28.89704704284668,373,4.687423106837248,4.506249912083149,6.261458387598393,7.360988250002264,7.46308290399611
superseded-feedback-probe,logistics-heavy-old-1,old,heavy,/Users/pimvandenbosch/Desktop/dimos-sim2-core/data/sim2/scenes/logistics.xml,20.148738541873172,f56139d0b3dc4574b29c84b0ac859b096e24d4a8048f89a01b8b1de5471507bb,full/logistics-heavy-old-1/result.json,893eec1c70e43733a88ec3734399c1d3fb66156b6b34f92490ff97dfe1e861d4,1.6544558750465512,0.08746733283624053,108.49314439497282,2185,9.212378585323249,6.225000135600567,22.160883154720064,23.255148036405444,25.02008294686675,658,2186,0.2989589678905802,0.15210453420877457,1.0393441771157086,5.446701752953233,7.595791947096586,50.0279458143333,1007,19.99917452833074,19.939000019803643,24.005287420004606,24.759104610420763,25.09087510406971,0,1008,0.28395538111143404,0.2598748542368412,0.35024831304326653,0.5780444690026338,15.808749943971634,0.5424657219748641,0.7454502769686943,972,6.254890404254535,4.895312013104558,17.284604418091476,21.136489110067483,23.66025000810623,36,,,,,,,5,1150.609375,"[46853, 46854]",2461.0625,13.969638284447237,18.363432491372343,370,370,370,52.97568862364199,55.01022899989039,64.77262476691976,68.89941600849852,71.80591602809727,372,17.574691398930486,17.441375413909554,19.088168360758573,19.836770016700033,20.971874939277768,18.363432491372343,370,370,370,54.360728822900235,56.33962491992861,66.04236699640751,70.21667976398021,73.19558318704367,372,17.574691398930486,17.441375413909554,19.088168360758573,19.836770016700033,20.971874939277768,18.313801592747012,372,369,369,51.385420256579515,52.215833216905594,58.58531664125621,61.521290112286806,64.4389579538256,372,3.9589390720701427,3.9317295886576176,4.183390270918608,5.25548836914823,6.656750105321407
superseded-feedback-probe,logistics-heavy-old-2,old,heavy,/Users/pimvandenbosch/Desktop/dimos-sim2-core/data/sim2/scenes/logistics.xml,20.152761499863118,f56139d0b3dc4574b29c84b0ac859b096e24d4a8048f89a01b8b1de5471507bb,full/logistics-heavy-old-2/result.json,2c08214ef6353ecad8b92e6b87f40987ee3d57907bb6cd60dcb7d0af9c856ed4,1.6554248749744147,0.08160224999301136,109.56314845560978,2207,9.126878643870914,6.2240001279860735,21.814237581565976,23.527509984560314,29.467917047441006,667,2208,0.2941524975197525,0.15166657976806164,0.9012583992443988,5.421553589403608,7.565916050225496,50.01795907756099,1007,20.001979352621493,19.947458058595657,23.82755014114082,24.67372000683099,24.956292007118464,0,1008,0.28767659040611415,0.25902106426656246,0.35112076438963413,0.6358954589813944,20.04341594874859,0.547815742278049,0.7454792530020503,975,6.044898561846751,4.591792123392224,17.074783262796693,20.86327548138797,22.29500003159046,33,,,,,,,5,1200.28125,"[47350, 47351]",2462.625,13.97503405369183,18.35976672489838,370,370,370,50.95929289865937,54.33797964360565,65.78271014150232,70.75927473139018,75.36895899102092,372,17.15231227803655,17.170957871712744,19.0714874654077,21.534782580565675,23.642125073820353,18.35976672489838,370,370,370,52.203923405299115,55.605541565455496,66.96032254258171,71.97525009745732,74.74558404646814,372,17.15231227803655,17.170957871712744,19.0714874654077,21.534782580565675,23.642125073820353,18.35976672489838,372,370,370,53.263638728625466,54.51035394798964,59.1693731257692,72.6409774296917,79.18658293783665,372,4.026621056880842,3.925688099116087,4.352866637054831,7.432956153061287,10.614749975502491
primary,logistics-heavy-split-1,split,heavy,/Users/pimvandenbosch/Desktop/dimos-sim2-core/data/sim2/scenes/logistics.xml,20.158895292086527,f56139d0b3dc4574b29c84b0ac859b096e24d4a8048f89a01b8b1de5471507bb,full/logistics-heavy-split-1/result.json,ee7f005f4d6ed9807553619dcdcbffcc732c2dd1232f5ccff515a81c56beadfb,1.7556064170785248,0.07207162491977215,200.01096000447907,4031,5.000029727876652,4.99912491068244,5.731249926611781,6.1193713452667,6.325417198240757,0,4032,0.1421289630271199,0.1272296067327261,0.21968121873214838,0.2686364669352771,0.848500058054924,49.953134108261516,1006,19.99999349705401,19.9132920242846,23.623500135727227,24.530810967553407,24.93933285586536,0,1007,0.31051331947908145,0.29270793311297894,0.3813462099060416,0.4177943430840967,17.80858403071761,1.0000548000223954,0.7454373536468275,1006,2.7401935842414025,2.363082952797413,4.830635210964829,5.4512518690899014,5.930333165451884,1,1007,2.7470765623810602,2.4942918680608273,4.949066182598472,5.497157517820596,6.199875148013234,9,2006.109375,"[46877, 46878, 46884]",3667.4375,13.916013393925335,18.552603928986898,374,374,374,26.613986428408698,26.844263076782227,33.66122245788574,35.00060558319092,36.09418869018555,373,18.768907351738925,18.91404204070568,20.41251640766859,20.815913043916222,22.526917047798634,18.502998036128645,373,373,373,27.713135803672646,27.96196937561035,34.65452194213867,35.99754333496094,36.560773849487305,373,18.768907351738925,18.91404204070568,20.41251640766859,20.815913043916222,22.526917047798634,18.552603928986898,374,374,374,13.173785439149581,12.962818145751953,19.893050193786618,26.912410259246812,31.563997268676758,374,4.385378677397966,4.311229684390128,4.798441368620843,5.869962731376289,12.550249928608537
primary,logistics-heavy-split-2,split,heavy,/Users/pimvandenbosch/Desktop/dimos-sim2-core/data/sim2/scenes/logistics.xml,20.15590549982153,f56139d0b3dc4574b29c84b0ac859b096e24d4a8048f89a01b8b1de5471507bb,full/logistics-heavy-split-2/result.json,784062d9a6856f44f3c8d1a85f82519aa41c66d1b0734df634f0e8bf2ce8220b,1.7366554578766227,0.05541504197753966,199.99101504200308,4030,5.000060483889548,4.999604425393045,5.646078928839415,6.09882301883772,18.29758402891457,1,4031,0.1439131997133848,0.12724986299872398,0.2154374960809946,0.2557751024141907,13.470083940774202,50.01015707326696,1007,19.999345250301943,19.940375117585063,23.45193738583475,24.67022745404392,24.88954085856676,0,1008,0.30532548650323105,0.29383355285972357,0.3791667055338621,0.40771514177322354,13.235124992206693,0.9999550752100155,0.7454370401787301,1008,3.0151869563962377,2.9932494508102536,4.836322728078812,5.441061910241839,13.686541933566332,0,1008,2.5682852643686127,2.103270962834358,4.947310208808631,5.663659861311305,16.68012491427362,9,1973.625,"[47308, 47309, 47315]",3633.40625,13.95173641144386,18.505742647151365,373,373,373,26.516936100200418,26.51190757751465,33.92057418823242,35.561037063598626,39.906978607177734,373,18.779790995832304,18.935333006083965,20.58008313179016,21.12353523261845,21.732541965320706,18.505742647151365,373,373,373,27.621505087885716,27.79698371887207,35.0621223449707,36.69078826904296,39.46280479431152,373,18.779790995832304,18.935333006083965,20.58008313179016,21.12353523261845,21.732541965320706,18.555355898216114,374,374,374,13.215599213054473,13.4049654006958,20.054948329925537,21.790318489074696,29.735088348388672,374,4.319857270581359,4.262229427695274,4.777324898168445,5.350580087397246,7.290750043466687
primary,logistics-normal-compact-1,compact,normal,/Users/pimvandenbosch/Desktop/dimos-sim2-core/data/sim2/scenes/logistics.xml,20.140316208126023,d56c4f9ede365b26f621fe7959a1f324facd68f05d9579bb39200fd4e88a7bbf,full/logistics-normal-compact-1/result.json,154f9733a89ceff1bc2561ae56b00bcd63f92663783f476acee858063a3e350e,1.9186804580967873,0.04920520796440542,199.99685994874403,4027,5.000026601669431,4.9991251435130835,5.4552999092265955,6.098112943582237,6.237624911591411,0,4028,0.12255944731268872,0.11754198931157589,0.15543909976258863,0.20470927469432354,0.48833293840289116,49.99921498718601,1006,19.99613079918219,19.890916533768177,23.621802451089025,24.642856349237263,24.93416704237461,0,1007,0.23142738284426626,0.2210410311818123,0.31036247964948416,0.3792249830439683,0.6908751092851162,0.9999842997437203,0.7454340799893552,1007,2.5707219110925745,2.067958004772663,4.849616880528629,5.283520948141813,5.996874999254942,0,1007,3.0430072450098447,2.8475839644670486,4.9409250961616635,5.549043426290146,6.0671670362353325,5,1550.859375,"[46839, 46840]",2622.21875,14.021493067079296,9.582769108765541,193,193,193,23.429399944957673,24.2769718170166,30.065202713012695,31.176071166992188,31.237125396728516,193,14.948717583878052,14.84900014474988,16.261483216658235,16.521911546587944,16.973291989415884,9.582769108765541,193,193,193,23.593523341757027,24.470090866088867,30.263710021972653,31.2552547454834,31.31413459777832,193,14.948717583878052,14.84900014474988,16.261483216658235,16.521911546587944,16.973291989415884,9.582769108765541,193,193,193,9.90854149655357,11.149883270263672,16.70370101928711,17.682323455810497,23.140907287597656,193,1.2926815663961395,1.2788749299943447,1.410708436742425,1.56250526197254,3.510124981403351
primary,logistics-normal-compact-2,compact,normal,/Users/pimvandenbosch/Desktop/dimos-sim2-core/data/sim2/scenes/logistics.xml,20.142333749914542,d56c4f9ede365b26f621fe7959a1f324facd68f05d9579bb39200fd4e88a7bbf,full/logistics-normal-compact-2/result.json,d0491b239f716c6c502273eb601db0a89f37b74e1ef1572fc60eb7fd41c21c73,1.6963813330512494,0.035161790903657675,200.02647409300792,4028,4.999953854305146,4.999374970793724,5.574195960070937,6.09216058626771,6.220916984602809,0,4029,0.12281025001919278,0.11808308772742748,0.15696687623858452,0.20014368928968904,0.6252080202102661,49.99420685322883,1006,19.996713013962193,19.93885450065136,24.0660518174991,24.554254196118563,24.818583857268095,0,1007,0.23382152046900995,0.22458401508629322,0.3107417374849319,0.36666000261902787,0.548291951417923,1.0001323704650396,0.7454287136923713,1007,2.3828894427081324,1.7372919246554375,4.848320642486215,5.769414165988561,6.053291959688067,0,1007,3.042874343567477,3.17595899105072,4.926508292555809,5.486861485987897,6.025250069797039,5,1553.171875,"[47180, 47181]",2632.28125,13.937047946262862,9.581809257868088,193,193,193,23.668014941437875,23.03600311279297,30.71985244750976,32.029457092285135,34.30771827697754,193,14.90686313548352,14.827707782387733,16.308066714555025,16.46837007254362,18.21879087947309,9.581809257868088,193,193,193,23.81754168574674,23.12302589416504,30.809068679809563,32.15593338012693,34.157752990722656,193,14.90686313548352,14.827707782387733,16.308066714555025,16.46837007254362,18.21879087947309,9.631455937960668,194,194,194,10.120453293790522,10.708451271057129,16.510283946990967,17.060408592224114,25.979042053222656,194,1.275871354683312,1.264271093532443,1.4479522127658129,1.5423231152817607,1.7929580062627792
superseded-feedback-probe,logistics-normal-old-1,old,normal,/Users/pimvandenbosch/Desktop/dimos-sim2-core/data/sim2/scenes/logistics.xml,20.152769332984462,d56c4f9ede365b26f621fe7959a1f324facd68f05d9579bb39200fd4e88a7bbf,full/logistics-normal-old-1/result.json,27fb42057c70ed8f70e236115b64d97d73bb346031b1e2e3c0479bfa8e06adcb,1.7358427920844406,0.11658870917744935,146.58035087838405,2953,6.821571438580555,6.2230839394032955,15.149432793259622,16.721026906743646,21.30537503398955,243,2954,0.16296623774710223,0.13575004413723946,0.21008587209507823,0.4905611998401557,3.5180409904569387,50.01793963622583,1007,19.999576754712656,19.97141703031957,23.81480799522251,24.564071283675727,24.91729217581451,0,1008,0.22495176231059882,0.20499993115663528,0.2768624806776643,0.3340693982318042,13.656791998073459,0.7329017543919202,0.7446376913688059,1008,4.120937993681605,3.8021248765289783,10.067879012785848,14.348009314853694,16.39708294533193,0,,,,,,,5,1082.5,"[46784, 46785]",2072.71875,13.426103077931378,9.576847569237685,193,193,193,65.18166795990628,65.72654098272324,112.76510837487875,115.07779238745569,116.72149994410574,197,14.502875834259058,14.39191703684628,15.83324153907597,16.777528179809448,20.045250188559294,9.576847569237685,193,193,193,65.52506689286255,66.03158288635314,113.71597489342092,115.66514027304946,118.97545796819031,197,14.502875834259058,14.39191703684628,15.83324153907597,16.777528179809448,20.045250188559294,9.576847569237685,193,193,193,70.45016646833965,68.75245901755989,116.25722502358256,121.94258645176888,122.59887508116663,197,1.0686296577267538,1.02937500923872,1.1071911081671715,2.349048042669883,4.201958188787103
superseded-feedback-probe,logistics-normal-old-2,old,normal,/Users/pimvandenbosch/Desktop/dimos-sim2-core/data/sim2/scenes/logistics.xml,20.137263958808035,d56c4f9ede365b26f621fe7959a1f324facd68f05d9579bb39200fd4e88a7bbf,full/logistics-normal-old-2/result.json,22d45df6368698840601f4daf84c904082c9b4e7f6e0a9da146b13016e40a5c3,1.6513300840742886,0.12329816701821983,146.29594199222979,2945,6.834721165679155,6.224249955266714,15.119616640731685,16.870441595092416,20.46012505888939,239,2946,0.1624375471095406,0.1361249014735222,0.21385418949648738,0.45690624974668154,3.0947080813348293,50.00679347799573,1006,20.000287069648387,19.964582985267043,23.95919826813042,24.766713136341423,24.931584019213915,0,1007,0.22575752522940667,0.20583299919962883,0.27969202492386097,0.3311456367373465,12.89849984459579,0.731479709961149,0.7446813676820925,1007,4.1369796657052476,3.842958016321063,10.732729476876553,15.929726962931449,17.026999965310097,0,,,,,,,5,1102.046875,"[47254, 47255]",2060.953125,13.944996261145526,9.584221590122318,193,193,193,74.13026171620606,79.37066606245935,112.64124987646937,114.93249514140189,115.19658286124468,196,14.60658331349378,14.453604351729155,16.038677014876157,17.354387149680406,19.19008302502334,9.584221590122318,193,193,193,74.31932123392396,79.20604106038809,112.82291621901095,115.10859474539757,115.395582979545,196,14.60658331349378,14.453604351729155,16.038677014876157,17.354387149680406,19.19008302502334,9.584221590122318,193,193,193,70.73024244752226,65.63875009305775,115.94269168563187,120.48154015094039,123.59233293682337,196,1.0882931991898435,1.0442918865010142,1.1426244745962322,2.9024195042438863,3.567707957699895
primary,logistics-normal-split-1,split,normal,/Users/pimvandenbosch/Desktop/dimos-sim2-core/data/sim2/scenes/logistics.xml,20.164735374972224,d56c4f9ede365b26f621fe7959a1f324facd68f05d9579bb39200fd4e88a7bbf,full/logistics-normal-split-1/result.json,4554ae41036f681829a6fe399d41fda98a3a75c4d4ef5e1e4a1a787806b08b6b,1.8722345421556383,0.05109358299523592,200.00262463179263,4032,5.000000919637156,4.9985419027507305,5.854139779694378,6.129017719067633,6.28749979659915,0,4033,0.12209349615093411,0.11766701936721802,0.1552160363644361,0.18855651840567553,0.41583413258194923,49.98825827643119,1007,19.99852850861189,19.963167142122984,23.72971682343632,24.565507592633367,24.904291843995452,0,1008,0.2614993926337255,0.23879145737737417,0.3189419978298247,0.36443479591980527,14.189332956448197,1.000013123158963,0.7454339090601169,1008,2.1808749489349477,1.2211460852995515,5.830707983113825,5.954341748729348,6.041000131517649,0,1008,3.419399081077057,3.959833411499858,4.876400507055223,5.538802791852502,6.1149587854743,9,1873.3125,"[46799, 46800, 46806]",3154.890625,13.932465425541038,9.571164531102399,193,193,193,23.905951742063532,23.84805679321289,30.544519424438477,32.123374938964844,35.54391860961914,193,14.947784095857813,14.805500162765384,16.119124926626682,16.471614968031638,17.301333136856556,9.571164531102399,193,193,193,24.053452546114748,24.00684356689453,30.766248703002926,32.17947959899902,35.485029220581055,193,14.947784095857813,14.805500162765384,16.119124926626682,16.471614968031638,17.301333136856556,9.620756057170288,194,194,194,9.992175495501646,10.031461715698242,16.516482830047607,17.733116149902308,23.888826370239258,194,1.210408300862254,1.1896670330315828,1.325025036931038,1.4393090433441096,2.595541998744011
primary,logistics-normal-split-2,split,normal,/Users/pimvandenbosch/Desktop/dimos-sim2-core/data/sim2/scenes/logistics.xml,20.162599459057674,d56c4f9ede365b26f621fe7959a1f324facd68f05d9579bb39200fd4e88a7bbf,full/logistics-normal-split-2/result.json,e9e1c92f4fc586c0233b3b88314d6f8c649867537647efb9ece101ec22e0f856,1.7154687091242522,0.05317225004546344,200.02381181997094,4032,4.999794859897866,4.999187891371548,5.569312395527959,6.069670785218478,6.2413751147687435,0,4033,0.12318385856633901,0.11783302761614323,0.15903306193649766,0.20739836618304242,1.0296250693500042,49.99355376011175,1007,20.003817403039783,19.97141703031957,23.593478556722403,24.451157427392896,24.948750156909227,0,1008,0.2580378835167115,0.2368539571762085,0.3173168399371207,0.36624763393774606,12.56487495265901,1.0001190590998545,0.74543708090847,1008,2.856860526085329,2.6870828587561846,4.839650064241141,5.426515776198357,6.00995821878314,0,1008,2.6332521319134337,2.3149375338107347,4.931647819466889,5.128241465426978,6.059625186026096,9,1928.875,"[47207, 47208, 47214]",3173.5625,14.017003628711738,9.621775227640557,194,194,194,22.90772531450409,22.38297462463379,30.633676052093506,31.14471673965454,31.495094299316406,194,14.878900558447715,14.678249950520694,16.227995522785932,17.402521716430776,20.951084094122052,9.621775227640557,194,194,194,23.04584586743227,22.548556327819824,30.717098712921143,31.372556686401367,31.616926193237305,194,14.878900558447715,14.678249950520694,16.227995522785932,17.402521716430776,20.951084094122052,9.621775227640557,194,194,194,9.368511819347892,9.386539459228516,16.127145290374756,16.67972087860107,19.668102264404297,194,1.211236691889689,1.1858539655804634,1.3206937932409344,1.5107894106768043,2.872208133339882
primary,robocasa-kitchen-1-heavy-compact-1,compact,heavy,/Users/pimvandenbosch/Desktop/dimos-sim2-core/data/sim2/scenes/robocasa-kitchen-1/scene.xml,20.157044166931883,7cb9bc28d6700276c53b9452ca52e741b647619c0f9134a752767f6e1f373d21,full/robocasa-kitchen-1-heavy-compact-1/result.json,83c3ac03c5c9693d7becfc423cf3eef3089f758d3e7fb368320f6c41c5262987,2.5426153340376914,0.1527730419766158,199.97971759237166,4030,4.999998562782078,4.998021060600877,5.6025350582785896,5.963228784967214,6.260999944061041,0,4031,0.5481990513557449,0.5299588665366173,0.6992704002186656,0.7947794161736964,1.7847500275820494,49.9577215617758,1006,19.99893095635922,19.906833069399,23.453750065527856,24.37698474386707,25.130582973361015,0,1007,0.3174542062828001,0.2822501119226217,0.4783662268891929,1.346995509229599,1.559291034936905,0.9998985879618583,0.7454774010182069,1007,3.06555637955673,3.1256668735295534,4.832266876474023,5.373223149217662,5.903082899749279,0,1007,2.383941664039541,1.7303749918937683,4.658612748607993,5.297700124792752,5.853916052728891,5,2972.03125,"[47067, 47068]",7799.890625,13.748820200725243,18.554307710133216,374,374,374,25.534650858710794,25.58302879333496,32.36088752746582,33.90520572662353,34.81292724609375,374,17.47431940857301,17.47704204171896,19.344447762705386,20.111733733210713,22.195458179339767,18.554307710133216,374,374,374,26.764763230308493,26.968955993652344,33.60317945480347,35.22567272186279,35.63690185546875,374,17.47431940857301,17.47704204171896,19.344447762705386,20.111733733210713,22.195458179339767,13.245989728891894,267,267,267,82.24387204602417,82.53693580627441,90.91496467590332,95.74866294860838,100.90398788452148,267,74.92460362606225,74.6550839394331,79.78801229037344,82.43175223469734,90.61479195952415
primary,robocasa-kitchen-1-heavy-compact-2,compact,heavy,/Users/pimvandenbosch/Desktop/dimos-sim2-core/data/sim2/scenes/robocasa-kitchen-1/scene.xml,20.191249374998733,7cb9bc28d6700276c53b9452ca52e741b647619c0f9134a752767f6e1f373d21,full/robocasa-kitchen-1-heavy-compact-2/result.json,099f3259b83c7baca57fe60426725df17bdc26c411d6bf194bddb78dd62e5a76,2.4970902078785002,0.11163787497207522,200.037150994786,4038,5.000033308548918,4.992645466700196,5.666389281395822,6.0681515373289585,6.498791975900531,0,4039,0.6071556168491923,0.5896249786019325,0.7942750584334135,0.914804567582905,1.9495419692248106,50.02166935002076,1009,20.0003298226563,19.80974990874529,24.011824652552605,24.553578617051244,24.848249973729253,0,1010,0.34631850857213875,0.3076670691370964,0.5296810180880128,1.4270743075758212,2.070375019684434,1.00018575497393,0.7454718004021895,1010,2.365821097184452,1.843396108597517,4.807039920706302,5.235249996185302,5.854582879692316,0,1010,2.7235149053192815,2.723458455875516,4.605941392946988,5.098196228500455,5.606250138953328,5,2824.578125,"[47374, 47375]",7828.890625,13.592675267345193,18.621928391690897,376,376,376,25.592549050107916,25.8634090423584,32.63556957244873,34.33370590209961,37.62388229370117,376,17.700078554124513,17.552667064592242,19.839281274471432,21.216792229097337,25.16687521710992,18.621928391690897,376,376,376,26.82715654373169,27.071475982666016,33.80173444747925,35.20917892456055,39.3218994140625,376,17.700078554124513,17.552667064592242,19.839281274471432,21.216792229097337,25.16687521710992,12.876865377233067,260,260,260,85.41981807121864,85.67607402801514,94.6864128112793,97.99295186996461,108.26373100280762,260,77.37846782323547,77.20514538232237,82.24986708955839,88.25233278563252,96.42083407379687
superseded-feedback-probe,robocasa-kitchen-1-heavy-old-1,old,heavy,/Users/pimvandenbosch/Desktop/dimos-sim2-core/data/sim2/scenes/robocasa-kitchen-1/scene.xml,20.174103832803667,7cb9bc28d6700276c53b9452ca52e741b647619c0f9134a752767f6e1f373d21,full/robocasa-kitchen-1-heavy-old-1/result.json,13a478ea3dd904a6b56d9ec637219ffffe0aa43efcd194b79b194eb5efdbd95b,2.2301267080474645,0.11655604210682213,8.823192419113406,177,112.81859533898111,94.06166686676443,113.40679950080809,591.2318468466433,1434.1336661018431,177,178,1.0937432303313124,0.7851669797673821,0.9069535997696222,15.70245940703892,20.94608312472701,50.014613207221494,1008,19.99998896332857,19.964062492363155,23.829418641980737,24.775955248624086,24.93266691453755,0,1009,0.27200642269846825,0.2450409810990095,0.3341247327625751,0.6471599452197545,16.412333818152547,0.04411596209556703,0.7310820900606447,178,10.188465605730588,9.55872901249677,19.35015011113137,21.69125915737822,23.502208990976214,831,,,,,,,5,1715.671875,"[46976, 46980]",5791.59375,13.237151199714617,8.823192419113406,178,178,178,48.870569265060375,34.74656247999519,51.63747497135774,495.3066701372111,1022.2602910362184,179,30.783962546821748,16.595292137935758,24.550979607738554,433.2815296854819,992.4453750718385,8.823192419113406,178,178,178,50.44683919607379,35.95889615826309,53.67082502925769,499.81523080961347,1023.7982079852372,179,30.783962546821748,16.595292137935758,24.550979607738554,433.2815296854819,992.4453750718385,8.674486928903628,334,175,175,137.3993667068758,127.36908299848437,186.27230003476137,512.9624823899901,1022.7885830681771,178,81.16867531776387,75.35289553925395,90.10461885482073,255.38982778088965,420.7265838049352
superseded-feedback-probe,robocasa-kitchen-1-heavy-old-2,old,heavy,/Users/pimvandenbosch/Desktop/dimos-sim2-core/data/sim2/scenes/robocasa-kitchen-1/scene.xml,20.152291249949485,7cb9bc28d6700276c53b9452ca52e741b647619c0f9134a752767f6e1f373d21,full/robocasa-kitchen-1-heavy-old-2/result.json,aab01b7a07e56fc7035f0547c3bbc16b054b2e4ed03d7b248841616037720e84,2.1958080830518156,0.12906733294948936,11.115361386043956,223,89.66494394537278,88.97758298553526,95.59146224055439,99.29189167916775,102.23866603337228,223,224,0.7860256934821207,0.7701455615460873,0.8281526388600469,0.8937775739468636,3.366209100931883,50.0191262371978,1007,19.997632696294218,19.9524590279907,23.79377947654575,24.63004709687084,25.164625141769648,0,1008,0.3347332071464893,0.31400006264448166,0.42212677653878916,0.6977261719293885,16.324416967108846,0.05557680693021979,0.714105751187639,225,10.334916643591392,10.769375134259462,19.56331646069884,21.07451704330742,23.185541853308678,783,,,,,,,5,1777.125,"[47457, 47458]",5789.890625,13.383325608457877,11.164983535088796,225,225,225,33.15357408693267,32.96879096888006,47.85467558540403,51.99354697018861,54.591957945376635,224,17.09746874569516,15.777853899635375,22.876097378320992,24.129493795335293,25.58099990710616,11.164983535088796,225,225,225,34.52664855350223,34.2337500769645,50.369225163012736,53.92458406277001,55.59004214592278,224,17.09746874569516,15.777853899635375,22.876097378320992,24.129493795335293,25.58099990710616,11.016117087954278,372,222,222,118.75694578404429,122.77293798979372,176.87801694264635,184.65048993006346,190.90670789591968,224,71.74595931324542,71.4959790930152,76.20649634627625,79.1187958419323,85.33279201947153
primary,robocasa-kitchen-1-heavy-split-1,split,heavy,/Users/pimvandenbosch/Desktop/dimos-sim2-core/data/sim2/scenes/robocasa-kitchen-1/scene.xml,20.188258833950385,7cb9bc28d6700276c53b9452ca52e741b647619c0f9134a752767f6e1f373d21,full/robocasa-kitchen-1-heavy-split-1/result.json,535aefde00d0f8990291f4a720f3cc3a2b5f10e60b2b2cbb19f2f6168876cb10,2.658628083067015,0.16515075019560754,200.01724929389835,4037,5.00004512411518,4.99074999243021,5.63912447541952,6.046061767265201,8.68633296340704,2,4038,0.6012482498391887,0.5815209588035941,0.7868106011301279,0.9095388278365137,4.470375133678317,49.979545452586294,1008,19.999624255837666,19.847000017762184,23.22671019937843,24.255616685841233,24.87441711127758,0,1009,0.35520179503633315,0.3380000125616789,0.4378663841634989,0.47447067685425276,14.91370820440352,1.000086246469492,0.7454736194787671,1008,3.071348143358981,3.043937496840954,4.828051617369056,5.435170610435306,5.885540973395109,1,1009,2.3942247999516364,1.7626250628381968,4.700450040400028,5.239050462841987,5.915832938626409,9,3311.5625,"[47028, 47029, 47035]",8443.21875,13.557262796785771,18.525619424447246,374,374,374,25.3839881662379,25.571107864379883,32.29318857192993,34.702994823455775,39.13092613220215,374,17.376239722803792,17.39839604124427,19.15816874243319,21.304119450505816,24.009250104427338,18.525619424447246,374,374,374,26.610440748898103,26.75044536590576,33.79373550415038,37.01806545257568,40.25101661682129,374,17.376239722803792,17.39839604124427,19.15816874243319,21.304119450505816,24.009250104427338,12.977840345468392,262,262,262,85.54358973757911,85.45100688934326,94.95129585266113,103.1536030769348,109.3142032623291,262,76.5610049453827,76.3308749301359,80.57776095811278,87.50466194935132,98.7567079719156
primary,robocasa-kitchen-1-heavy-split-2,split,heavy,/Users/pimvandenbosch/Desktop/dimos-sim2-core/data/sim2/scenes/robocasa-kitchen-1/scene.xml,20.16369799990207,7cb9bc28d6700276c53b9452ca52e741b647619c0f9134a752767f6e1f373d21,full/robocasa-kitchen-1-heavy-split-2/result.json,296df88dfc4e61fd6c2d1c436766797428bbdffd05aa1e8d7c5c5d3afa4e0cbb,2.5059946661349386,0.12509433319792151,200.01291429873564,4032,4.999994626511277,4.996687057428062,5.6126706185750646,6.008429117500782,6.5152079332619905,0,4033,0.4926111343961709,0.4777919966727495,0.5873919464647769,0.67698985338211,1.4735418371856213,49.99083005532495,1007,19.997775198590258,19.91954119876027,23.879974894225597,24.656080962158736,24.874832946807146,0,1008,0.30172317305446733,0.28506258968263865,0.37020841846242547,0.4088312969543039,13.932041823863983,1.0000645714936782,0.7454751132468378,1008,2.5516009770817907,2.3885834962129593,5.274131114128977,5.53654670715332,17.922209110110998,0,1008,3.31221031240328,4.033812554553151,4.801149619743228,5.120998308993876,5.51749998703599,9,3200.78125,"[47418, 47419, 47425]",8391.359375,14.016777644157752,18.39940272869599,371,371,371,23.886877250157276,23.988962173461914,30.88223934173584,31.756305694580078,34.91973876953125,371,15.913843074336528,16.162249958142638,17.803541501052678,18.181079369969666,21.988541819155216,18.39940272869599,371,371,371,24.95727577620761,24.981975555419922,32.1580171585083,32.976436614990234,35.69793701171875,371,15.913843074336528,16.162249958142638,17.803541501052678,18.181079369969666,21.988541819155216,13.340806830240489,269,269,269,82.88397133128794,82.61394500732422,90.91415405273438,95.3221035003662,101.97305679321289,269,74.58976025132247,74.80262499302626,77.36567496322095,78.58426285907626,86.59245795570314
primary,logistics-control-old-1,old,control,/Users/pimvandenbosch/Desktop/dimos-sim2-core/data/sim2/scenes/logistics.xml,20.064682374941185,1af770b6aaa959b0b35b41d921815ab2859dd001a35d24c44597c8bc965ad1e8,corrected-old/logistics-control-old-1/result.json,7d40ba1b66d3492be4b13b0ab8bc47bf2315fd2bec3687cda35a9714372e7d7c,1.5958876670338213,0.023212083848193288,168.3555182622173,3377,5.939405549925426,5.976292071864009,6.848174659535289,8.122619893401861,50.4402918741107,70,3378,0.8798647755889312,0.8065835572779179,1.485226873774081,2.831818491686138,45.23570789024234,49.938492983641716,1001,20.02357534173835,19.946834072470665,23.299207910895348,24.234125157818198,41.53833305463195,1,1002,1.2169572480112136,1.1345205130055547,1.9515099353156977,3.569049225188792,41.53333301655948,0.8417775913110864,0.745431739730598,1000,3.234020574018359,3.340958384796977,5.7423186488449565,6.091483004856855,22.124167066067457,2,1002,3.3001103624329713,3.2124585704877973,5.968227388802915,6.463392053265125,45.130624901503325,5,852.9375,"[47708, 47709]",1240.515625,0.2718532435360268,,,,,,,,,,,,,,,,,,,,,,,,,,,,,,,,,,,,,,,,,,,,,
primary,logistics-control-old-2,old,control,/Users/pimvandenbosch/Desktop/dimos-sim2-core/data/sim2/scenes/logistics.xml,20.074831875041127,1af770b6aaa959b0b35b41d921815ab2859dd001a35d24c44597c8bc965ad1e8,corrected-old/logistics-control-old-2/result.json,679416ea3ab7c596e00e3f1f34f89f0c3b2c6974c7c7a96da8e0157c1ad9ae28,1.5524687089491636,0.03224837500602007,168.17077328539688,3375,5.9454678148031235,5.993542028591037,6.81360806338489,7.9537425329908675,47.28241707198322,53,3376,0.876443747484006,0.8196665439754725,1.5228852280415595,2.559864486102015,41.97375010699034,49.913244914682366,1001,20.034027014897166,19.9344998691231,23.227666970342398,24.207584094256163,49.48574979789555,1,1002,1.2581150643267258,1.1828126152977347,2.045111055485903,3.307952370960266,49.48166687972844,0.8408538664269843,0.7454318043199532,1000,3.216807555872947,3.2941255485638976,5.843351688235998,6.122259199619293,14.375041937455535,2,1002,3.2828022236052803,3.399250446818769,6.020398309919982,6.4252815162763,26.867541950196028,5,857.03125,"[47822, 47823]",1244.703125,0.2758623913163435,,,,,,,,,,,,,,,,,,,,,,,,,,,,,,,,,,,,,,,,,,,,,
primary,logistics-heavy-old-1,old,heavy,/Users/pimvandenbosch/Desktop/dimos-sim2-core/data/sim2/scenes/logistics.xml,20.148212041938677,f56139d0b3dc4574b29c84b0ac859b096e24d4a8048f89a01b8b1de5471507bb,corrected-old/logistics-heavy-old-1/result.json,bc2980d2199fc6f4da1a483d71ca14a5e4a9100abb603f17a959081a2c59bb28,1.682110499823466,0.05574958282522857,109.53825557355215,2206,9.131431852632852,6.2257705722004175,21.763958444353193,22.883283009286963,24.671500083059072,686,2207,0.2978734521631626,0.15266588889062405,0.9596580639481533,5.132652092725043,7.388416910544038,49.97962091643272,1006,19.997943919448268,19.93585447780788,23.66907277610153,24.63829800253734,24.869333021342754,0,1007,0.29018282420496716,0.2596660051494837,0.36488305777311325,0.6215099757537245,16.837292117998004,0.5476912778677608,0.7455695026787195,975,6.1364120956605825,4.888458177447319,17.520487587898955,20.711503294296563,22.352375090122223,32,1007,6.404149201083577,5.04108308814466,18.482587533071634,21.07909388840198,23.710665991529822,5,1164.765625,"[47768, 47769]",2458.921875,14.801069072774638,18.463176743707024,372,372,372,49.85124979954293,51.710666506551206,59.62295258650556,63.34440014790749,67.48429080471396,373,17.2981681219794,17.208374803885818,18.75612479634583,19.37181483022868,20.200875122100115,18.463176743707024,372,372,372,51.236854954397366,53.157062036916614,61.11863940022886,64.94469902478164,68.0662498343736,373,17.2981681219794,17.208374803885818,18.75612479634583,19.37181483022868,20.200875122100115,18.413544548159425,373,371,371,48.62746282485678,49.095582915470004,56.91402044612914,59.154500067234046,64.92587504908442,373,3.9660432326030635,3.963958937674761,4.1401163674890995,4.201989807188511,4.399916855618358
primary,logistics-heavy-old-2,old,heavy,/Users/pimvandenbosch/Desktop/dimos-sim2-core/data/sim2/scenes/logistics.xml,20.151076417183504,f56139d0b3dc4574b29c84b0ac859b096e24d4a8048f89a01b8b1de5471507bb,corrected-old/logistics-heavy-old-2/result.json,715cf3966256a746aa6d595a74c0574ef6affd99518fb3966b28e4c4d8220e2a,1.7693148329854012,0.08820504113100469,110.66406348885678,2229,9.037685135050191,6.2249579932540655,21.635133074596524,23.09320162050424,27.665208093822002,654,2230,0.27255852113690876,0.1526250271126628,0.53259106352925,5.011294325813651,6.786666112020612,49.97251656200842,1006,20.00069495537698,19.938229001127183,23.791145882569253,24.689547531306744,24.817375000566244,0,1007,0.2790642442142863,0.2573749516159296,0.35574648063629866,0.5768764857202766,13.386958977207541,0.553320317444284,0.745346551390607,971,5.958861406905966,4.859416047111154,16.746229492127895,20.139658660627894,21.15483395755291,36,1007,6.515076758049599,5.22570894099772,18.635915894992646,21.20459294877946,24.822500068694353,5,1168.421875,"[47880, 47881]",2475.453125,14.722095915743068,18.410927154424154,371,371,371,48.69851412444885,54.13237493485212,65.34481258131564,70.498675131239,73.12524993903935,372,16.986871416109704,16.98562444653362,18.78943721530959,20.967999084386978,23.578166030347347,18.361302013846192,370,370,370,49.95096598663745,55.53643743041903,66.7230874998495,71.33595034712926,74.37258400022984,372,16.986871416109704,16.98562444653362,18.78943721530959,20.967999084386978,23.578166030347347,18.31167687326823,371,369,369,51.90404020830343,52.658415865153074,58.18755808286369,65.86710857227445,75.40112501010299,372,3.951736542481368,3.944021067582071,4.13604392670095,5.413969834335167,6.936582969501615
primary,logistics-normal-old-1,old,normal,/Users/pimvandenbosch/Desktop/dimos-sim2-core/data/sim2/scenes/logistics.xml,20.140411207918078,d56c4f9ede365b26f621fe7959a1f324facd68f05d9579bb39200fd4e88a7bbf,corrected-old/logistics-normal-old-1/result.json,d478a5e897a94298dbe5221515dc0c644cb1296af4d1c12fadeef5b4448014b5,1.5879223328083754,0.12446416704915464,146.71994377345484,2954,6.817024839192644,6.2233335338532925,15.262718917801976,16.766115026548494,18.46333290450275,223,2955,0.15613431151950016,0.136583112180233,0.21074998658150434,0.3655448136851194,2.3880410008132458,49.998979147163794,1006,19.99908619098343,19.97431239578873,23.989895184058696,24.749220733065158,24.96562502346933,0,1007,0.22348581629230935,0.20283297635614872,0.27938380371779203,0.3253294201567767,12.94224988669157,0.7335997188672742,0.7446539888319503,1007,4.288467038478314,4.057582933455706,11.283092061057678,15.479646087624122,18.244958017021418,0,1007,3.9820742713381807,3.622791962698102,10.26893742382525,14.834087565541267,16.415333142504096,5,1087.9375,"[47724, 47725]",2080.03125,14.595431367520638,9.632375327258965,194,194,194,67.87440766455586,71.16608298383653,110.28769835829733,115.71052463725208,118.52370901033282,196,14.659778692531495,14.496646006591618,15.904500032775104,16.842285858001564,17.199666006490588,9.632375327258965,194,194,194,68.0806490535051,71.62424991838634,110.54312327178194,115.93319745501502,118.82154201157391,196,14.659778692531495,14.496646006591618,15.904500032775104,16.842285858001564,17.199666006490588,9.582723908046288,193,193,193,68.39754361263597,67.03604198992252,117.27646668441594,119.72593464888631,121.24266591854393,196,1.0415327043880767,1.0233960347250104,1.095457759220153,1.1955689755268397,2.834624843671918
primary,logistics-normal-old-2,old,normal,/Users/pimvandenbosch/Desktop/dimos-sim2-core/data/sim2/scenes/logistics.xml,20.133407999994233,d56c4f9ede365b26f621fe7959a1f324facd68f05d9579bb39200fd4e88a7bbf,corrected-old/logistics-normal-old-2/result.json,7963cf8156ffe3b537340092befde622e5a08e83c787042db656971c3e5ea926,1.6813419160898775,0.14484270801767707,146.47296672281436,2948,6.8277170400013905,6.224333425052464,15.248103777412325,16.873248275369406,18.52208306081593,225,2949,0.15764379920927438,0.13612513430416584,0.20275837741792202,0.41504333727061743,5.420749774202704,50.01637080022858,1006,19.99827464403692,19.969937507994473,23.84673961205408,24.608754611108452,24.93687509559095,0,1007,0.220740318266895,0.19954191520810127,0.279762246645987,0.3155724890530109,12.541791889816523,0.7323648336140719,0.7455741790060407,1007,4.0995589202656495,3.6950409412384033,10.999424965120836,15.300107942894101,16.8508340138942,0,1007,4.190463735745126,3.9017500821501017,11.266858200542604,14.619941040873528,18.015542067587376,5,1119.703125,"[47853, 47854]",2118.9375,14.637669931217578,9.536388474323621,192,192,192,72.24622875340476,75.19747910555452,111.64786875015125,116.58426052890718,118.1793340947479,196,14.608281879562277,14.44910408463329,15.971332672052085,17.081995715852827,17.276333877816796,9.536388474323621,192,192,192,72.4695918118717,75.34397905692458,111.91209821263328,117.36994138918817,119.27020782604814,196,14.608281879562277,14.44910408463329,15.971332672052085,17.081995715852827,17.276333877816796,9.536388474323621,193,192,192,73.37722139830778,71.4375835377723,117.91001703822984,121.485031216871,122.12350009940565,196,1.057482762879939,1.0207499144598842,1.1128962505608797,2.5093146134167923,2.856707898899913
primary,robocasa-kitchen-1-heavy-old-1,old,heavy,/Users/pimvandenbosch/Desktop/dimos-sim2-core/data/sim2/scenes/robocasa-kitchen-1/scene.xml,20.1585141250398,7cb9bc28d6700276c53b9452ca52e741b647619c0f9134a752767f6e1f373d21,corrected-old/robocasa-kitchen-1-heavy-old-1/result.json,e91b979ae46475cd704b2975232ac5ee7ee9768ab7f1ab7400c012fc0c8265ab,2.2279094581026584,0.1297392500564456,11.260750598578744,226,88.87268676096986,88.45870790537447,96.94531233981252,100.14082287671044,106.0909170191735,226,227,0.8552675853413633,0.7458329200744629,0.8048625197261572,6.161656347103483,9.856916964054108,50.00368547738931,1007,20.000128434784155,19.981082994490862,24.098320351913568,24.73049740307033,24.90920783020556,0,1008,0.26787701316939166,0.23695803247392178,0.3356875153258442,0.6505812332034111,15.906209126114845,0.05630375299289372,0.7097582505868295,227,10.44080979888233,10.86020888760686,19.381841318681833,21.600877218879763,23.566832998767495,781,1008,44.602602558341694,44.87937455996871,84.97650631470606,91.54395730467513,104.14050007238984,5,1719.828125,"[47791, 47792]",5782.8125,15.028721685163307,11.260750598578744,227,227,227,33.50509770649448,33.19400013424456,49.86731258686632,51.67131484486163,53.2898330129683,226,16.77811041008681,15.539479092694819,22.307448205538094,24.35446879826486,27.525207959115505,11.260750598578744,227,227,227,34.919234982482465,34.83504196628928,50.992491724900894,52.963105915114284,54.60516712628305,226,16.77811041008681,15.539479092694819,22.307448205538094,24.35446879826486,27.525207959115505,11.111930106086513,372,224,224,118.2386291153047,122.48875049408525,153.28644374385473,184.90217565093195,187.89737485349178,227,71.21768774206254,71.19195791892707,76.78485901560634,79.42736533936113,80.9138750191778
primary,robocasa-kitchen-1-heavy-old-2,old,heavy,/Users/pimvandenbosch/Desktop/dimos-sim2-core/data/sim2/scenes/robocasa-kitchen-1/scene.xml,20.184648792026564,7cb9bc28d6700276c53b9452ca52e741b647619c0f9134a752767f6e1f373d21,corrected-old/robocasa-kitchen-1-heavy-old-2/result.json,2b8f160e45bb3ee94d3758c5d0c0cdf06d25aeb1afb376fa102e50589ff06811,2.190859124995768,0.22346670809201896,10.453488796067148,210,95.74046190384598,95.48450005240738,105.68281880114228,109.2628099466674,111.20150005444884,210,211,0.8664747558851943,0.7943341042846441,0.9036044357344508,1.1668043676763777,7.781792199239135,49.988484337591245,1008,19.996452960185707,19.971687579527497,23.853725439403206,24.5367315527983,24.925875011831522,0,1009,0.2742418260161273,0.24391687475144863,0.3508416470140219,0.6701948493719101,13.61000002361834,0.05226744398033574,0.7324591270365681,211,9.284228680134525,8.85624997317791,18.58647947665304,20.825366722419858,22.995000006631017,798,1009,48.71480221923799,48.86687500402331,92.41310018114746,99.62644448503852,107.24037513136864,5,1773.171875,"[47905, 47906]",5822.4375,15.082898264420553,10.403946195137921,210,210,210,33.34489681070582,32.99452050123364,49.45215779589489,51.066144912038,53.46116703003645,211,17.277426788168494,15.857292106375098,22.694354527629912,23.46738346386701,23.509874939918518,10.403946195137921,210,210,210,34.81777577239665,34.30902084801346,50.82231684355065,52.611564381513745,55.13245798647404,211,17.277426788168494,15.857292106375098,22.694354527629912,23.46738346386701,23.509874939918518,10.354403594208692,372,209,209,123.48862114790204,126.07020884752274,165.67834187299007,189.81127116829154,192.46391695924103,211,77.53163523490925,77.50504114665091,85.68831242155284,88.1268543889746,89.2500001937151
diagnostic,passive-compact,compact,normal,/Users/pimvandenbosch/Desktop/dimos-sim2-core/data/sim2/scenes/logistics.xml,10.509786417009309,d56c4f9ede365b26f621fe7959a1f324facd68f05d9579bb39200fd4e88a7bbf,passive-compact/result.json,05d2fe35983e34d2a6b15b80013d08a14d621a6957208d6b67524706c57a3d6b,1.7117064581252635,0.06444887514226139,200.09921387141137,2102,4.999814085621603,4.998021060600877,5.891422717832029,6.7170412628911365,36.562500055879354,6,2103,0.39092310229551064,0.2607919741421938,1.0155503870919345,1.6783207049593332,31.856332905590534,50.04859082090461,525,20.001183729618788,19.962665857747197,22.97930042259395,23.89977407641709,24.365917081013322,0,526,0.674805679170861,0.505125499330461,1.569447631482035,2.4498127750121057,3.4929169341921806,1.000496069357057,0.7450989119855244,525,3.0449679338683686,2.894958946853876,4.706066939979792,5.2624620217829925,5.822791019454598,1,526,2.5555502155002476,1.9321040017530322,5.02572872210294,5.860145436599851,31.674041878432035,5,1607.796875,"[47568, 47569]",2631.40625,0.5040594963492694,9.61009063291134,101,101,101,37.441959475526716,37.034034729003906,49.234867095947266,55.25493621826172,57.75308609008789,101,29.04967826532919,29.036541935056448,35.37729196250439,37.4032910913229,38.87212509289384,9.61009063291134,101,101,101,37.61812956026285,37.43481636047363,49.36385154724121,53.88021469116211,59.530019760131836,101,29.04967826532919,29.036541935056448,35.37729196250439,37.4032910913229,38.87212509289384,9.61009063291134,101,101,101,12.244847741457495,12.599945068359375,18.52107048034668,23.9717960357666,34.76309776306152,101,2.363426523227798,2.351250033825636,2.9177500400692225,3.179833060130477,3.8324580527842045
diagnostic,passive-old,old,normal,/Users/pimvandenbosch/Desktop/dimos-sim2-core/data/sim2/scenes/logistics.xml,10.019792542094365,d56c4f9ede365b26f621fe7959a1f324facd68f05d9579bb39200fd4e88a7bbf,passive-old/result.json,eae0c9042e458b9fee210a3d039e8a747cc6c35a0bad1a2a1474c5f4f04ee230,1.6025515419896692,0.14645616710186005,123.85485974748562,1240,8.071468346714672,6.184082943946123,28.803647274617102,36.527018498163635,53.44991711899638,132,1241,0.4870324284153466,0.3190420102328062,1.1411670129746199,2.15501664206385,6.270291982218623,49.90123277497406,499,20.044196809535634,19.921792205423117,23.50529998075217,24.492650111205876,37.815375020727515,1,500,0.7163362852297723,0.4633954958990216,1.345693948678668,3.2916780211962733,37.81287488527596,0.6192742987374281,0.7440671275620423,440,4.666654363973066,3.695104504004121,14.784289384260763,19.09569116542116,20.837666001170874,60,,,,,,,5,1125.109375,"[47620, 47621]",2040.265625,0.5538737139731509,9.58103669279502,96,96,96,85.1453793705635,78.58829142060131,118.50782320834696,121.66427912889048,121.66958302259445,97,28.587115981337643,28.803124791011214,36.028099851682775,41.891542710363794,50.72958301752806,9.58103669279502,96,96,96,85.68098875548458,78.89924990013242,119.33182319626212,121.85739983106032,122.28775001130998,97,28.587115981337643,28.803124791011214,36.028099851682775,41.891542710363794,50.72958301752806,9.08202436504528,97,91,91,74.9112482100807,49.39466714859009,134.25066648051143,137.13062058668584,139.24258295446634,97,1.7382572477049743,1.6998748760670424,2.254916401579976,4.619391411542888,5.11879101395607
diagnostic,passive-split,split,normal,/Users/pimvandenbosch/Desktop/dimos-sim2-core/data/sim2/scenes/logistics.xml,10.514225832885131,d56c4f9ede365b26f621fe7959a1f324facd68f05d9579bb39200fd4e88a7bbf,passive-split/result.json,b6e698ddc887b615fbea3beb516e0608d7ef8b5d7b65b633d546d208d59c4ce5,1.8341624590102583,0.07303683296777308,200.01472608877103,2102,4.999367546575493,4.9969584215432405,5.967195937409997,6.411201532464467,28.83725007995963,3,2103,0.3784304456825178,0.2579998690634966,0.9964793454855672,1.6261646384373307,26.046750135719776,49.93234959420104,524,20.022728688790966,19.97641648631543,22.874367132317275,24.53483273973688,25.76025016605854,0,525,0.7652630878701097,0.5560829304158688,1.686808513477444,2.4296920094639054,25.756207993254066,1.000073630443855,0.7449771965053459,524,3.0013651112521083,2.8998750494793057,4.71519804559648,5.280166810844089,19.299583043903112,1,525,2.4367976951457204,1.7323330976068974,5.244983639568088,5.880875112488866,8.243749849498272,9,1886.5625,"[47499, 47500, 47506]",3138.921875,0.5308027705270958,9.606032969551057,101,101,101,39.500274280510325,39.53099250793457,49.82590675354004,51.88322067260742,53.53283882141113,101,29.767337891429957,30.097374925389886,35.658624954521656,38.97845884785056,40.42295808903873,9.606032969551057,101,101,101,39.768596686939205,39.81280326843262,50.02403259277344,52.12712287902832,53.771018981933594,101,29.767337891429957,30.097374925389886,35.658624954521656,38.97845884785056,40.42295808903873,9.701142206873346,102,102,102,12.463901557174383,12.898564338684082,21.636319160461422,24.549298286437985,38.42306137084961,102,3.041768309605472,2.6858544442802668,5.340050114318724,7.230473118834195,10.458416072651744
